link_id,src_customer_id,dst_customer_id,link_type,link_distance,detected_at
1,700,2363,shared_bank,3,2026-05-21
2,2363,700,shared_bank,3,2026-05-21
3,700,2945,shared_device,1,2026-02-25
4,2945,700,shared_device,1,2026-02-25
5,700,2464,shared_device,1,2025-06-30
6,2464,700,shared_device,1,2025-06-30
7,70,700,shared_device,1,2025-07-17
8,700,70,shared_device,1,2025-07-17
9,2363,2464,shared_bank,3,2025-11-03
10,2464,2363,shared_bank,3,2025-11-03
11,70,2363,shared_card,2,2025-10-04
12,2363,70,shared_card,2,2025-10-04
13,2464,2945,shared_device,1,2026-04-19
14,2945,2464,shared_device,1,2026-04-19
15,70,2945,shared_device,1,2025-09-28
16,2945,70,shared_device,1,2025-09-28
17,70,2464,shared_card,2,2025-08-17
18,2464,70,shared_card,2,2025-08-17
19,700,2568,shared_card,2,2025-08-15
20,2568,700,shared_card,2,2025-08-15
21,653,2767,shared_card,2,2025-07-18
22,2767,653,shared_card,2,2025-07-18
23,653,966,shared_device,1,2026-04-25
24,966,653,shared_device,1,2026-04-25
25,653,2161,shared_bank,3,2025-05-03
26,2161,653,shared_bank,3,2025-05-03
27,653,2182,shared_bank,3,2026-02-11
28,2182,653,shared_bank,3,2026-02-11
29,966,2767,shared_card,2,2026-02-28
30,2767,966,shared_card,2,2026-02-28
31,2161,2767,shared_card,2,2026-04-23
32,2767,2161,shared_card,2,2026-04-23
33,2182,2767,shared_bank,3,2025-04-27
34,2767,2182,shared_bank,3,2025-04-27
35,288,653,shared_card,2,2025-09-07
36,653,288,shared_card,2,2025-09-07
37,653,1391,shared_card,2,2025-05-02
38,1391,653,shared_card,2,2025-05-02
39,262,2767,shared_phone,5,2025-12-05
40,2767,262,shared_phone,5,2025-12-05
41,428,2905,shared_card,2,2025-07-25
42,2905,428,shared_card,2,2025-07-25
43,2368,2905,shared_device,1,2026-05-21
44,2905,2368,shared_device,1,2026-05-21
45,428,2368,shared_card,2,2026-01-09
46,2368,428,shared_card,2,2026-01-09
47,677,2905,shared_address,8,2025-03-16
48,2905,677,shared_address,8,2025-03-16
49,1138,2368,shared_email_domain,20,2025-07-13
50,2368,1138,shared_email_domain,20,2025-07-13
51,353,869,shared_device,1,2025-03-23
52,869,353,shared_device,1,2025-03-23
53,1465,2001,shared_card,2,2025-08-08
54,2001,1465,shared_card,2,2025-08-08
55,2001,2434,shared_device,1,2025-10-14
56,2434,2001,shared_device,1,2025-10-14
57,356,1465,shared_device,1,2025-10-10
58,1465,356,shared_device,1,2025-10-10
59,1465,2434,shared_device,1,2025-08-17
60,2434,1465,shared_device,1,2025-08-17
61,1465,1698,shared_bank,3,2025-11-30
62,1698,1465,shared_bank,3,2025-11-30
63,356,2434,shared_card,2,2025-03-23
64,2434,356,shared_card,2,2025-03-23
65,356,1698,shared_bank,3,2026-01-09
66,1698,356,shared_bank,3,2026-01-09
67,1698,2434,shared_card,2,2025-07-01
68,2434,1698,shared_card,2,2025-07-01
69,356,1025,shared_email_domain,20,2026-01-20
70,1025,356,shared_email_domain,20,2026-01-20
71,2561,2780,shared_card,2,2026-04-21
72,2780,2561,shared_card,2,2026-04-21
73,458,517,shared_card,2,2026-03-05
74,517,458,shared_card,2,2026-03-05
75,458,1955,shared_bank,3,2025-03-06
76,1955,458,shared_bank,3,2025-03-06
77,517,1955,shared_device,1,2026-04-03
78,1955,517,shared_device,1,2026-04-03
79,771,2780,shared_device,1,2025-05-18
80,2780,771,shared_device,1,2025-05-18
81,1955,2780,shared_bank,3,2025-07-12
82,2780,1955,shared_bank,3,2025-07-12
83,771,1955,shared_card,2,2025-07-26
84,1955,771,shared_card,2,2025-07-26
85,1955,2229,shared_phone,5,2025-11-10
86,2229,1955,shared_phone,5,2025-11-10
87,1281,1955,shared_email_domain,20,2025-10-29
88,1955,1281,shared_email_domain,20,2025-10-29
89,458,1823,shared_email_domain,20,2025-06-13
90,1823,458,shared_email_domain,20,2025-06-13
91,66,1460,shared_phone,5,2026-01-28
92,1460,66,shared_phone,5,2026-01-28
93,134,316,shared_phone,5,2025-07-31
94,316,134,shared_phone,5,2025-07-31
95,1065,2178,shared_email_domain,20,2026-01-20
96,2178,1065,shared_email_domain,20,2026-01-20
97,765,1234,shared_address,8,2026-04-24
98,1234,765,shared_address,8,2026-04-24
99,709,2149,shared_address,8,2025-05-31
100,2149,709,shared_address,8,2025-05-31
101,68,452,shared_phone,5,2025-09-27
102,452,68,shared_phone,5,2025-09-27
103,1343,2583,shared_email_domain,20,2025-06-28
104,2583,1343,shared_email_domain,20,2025-06-28
105,340,2973,shared_email_domain,20,2025-04-11
106,2973,340,shared_email_domain,20,2025-04-11
107,1213,1515,shared_email_domain,20,2025-07-27
108,1515,1213,shared_email_domain,20,2025-07-27
109,49,382,shared_address,8,2025-04-02
110,382,49,shared_address,8,2025-04-02
111,1879,1899,shared_address,8,2025-08-11
112,1899,1879,shared_address,8,2025-08-11
113,2619,2803,shared_address,8,2025-04-09
114,2803,2619,shared_address,8,2025-04-09
115,359,2319,shared_email_domain,20,2025-03-16
116,2319,359,shared_email_domain,20,2025-03-16
117,1832,1853,shared_phone,5,2025-09-24
118,1853,1832,shared_phone,5,2025-09-24
119,1175,1855,shared_address,8,2025-05-24
120,1855,1175,shared_address,8,2025-05-24
121,760,2572,shared_phone,5,2025-06-26
122,2572,760,shared_phone,5,2025-06-26
123,1251,2981,shared_email_domain,20,2025-12-31
124,2981,1251,shared_email_domain,20,2025-12-31
125,1585,1866,shared_phone,5,2025-04-20
126,1866,1585,shared_phone,5,2025-04-20
127,981,1790,shared_address,8,2025-07-20
128,1790,981,shared_address,8,2025-07-20
129,64,2195,shared_phone,5,2025-11-04
130,2195,64,shared_phone,5,2025-11-04
131,453,2276,shared_address,8,2025-08-22
132,2276,453,shared_address,8,2025-08-22
133,330,417,shared_phone,5,2025-08-17
134,417,330,shared_phone,5,2025-08-17
135,2325,3000,shared_address,8,2025-07-07
136,3000,2325,shared_address,8,2025-07-07
137,1633,2518,shared_address,8,2026-02-07
138,2518,1633,shared_address,8,2026-02-07
139,1639,2487,shared_address,8,2025-06-14
140,2487,1639,shared_address,8,2025-06-14
141,1163,2026,shared_address,8,2025-08-12
142,2026,1163,shared_address,8,2025-08-12
143,357,1419,shared_email_domain,20,2026-02-23
144,1419,357,shared_email_domain,20,2026-02-23
145,1742,2225,shared_phone,5,2026-04-17
146,2225,1742,shared_phone,5,2026-04-17
147,683,1391,shared_phone,5,2026-05-26
148,1391,683,shared_phone,5,2026-05-26
149,608,1865,shared_address,8,2025-07-28
150,1865,608,shared_address,8,2025-07-28
151,1300,1457,shared_email_domain,20,2026-04-10
152,1457,1300,shared_email_domain,20,2026-04-10
153,1027,2607,shared_address,8,2025-12-18
154,2607,1027,shared_address,8,2025-12-18
155,348,2629,shared_phone,5,2026-01-01
156,2629,348,shared_phone,5,2026-01-01
157,493,2492,shared_phone,5,2025-03-27
158,2492,493,shared_phone,5,2025-03-27
159,1102,1103,shared_phone,5,2026-02-27
160,1103,1102,shared_phone,5,2026-02-27
161,1917,2236,shared_email_domain,20,2025-07-03
162,2236,1917,shared_email_domain,20,2025-07-03
163,211,2743,shared_phone,5,2025-03-09
164,2743,211,shared_phone,5,2025-03-09
165,437,2445,shared_phone,5,2025-03-12
166,2445,437,shared_phone,5,2025-03-12
167,1256,2881,shared_phone,5,2026-06-02
168,2881,1256,shared_phone,5,2026-06-02
169,370,467,shared_email_domain,20,2026-04-29
170,467,370,shared_email_domain,20,2026-04-29
171,1546,2951,shared_address,8,2025-06-13
172,2951,1546,shared_address,8,2025-06-13
173,67,1845,shared_address,8,2025-08-14
174,1845,67,shared_address,8,2025-08-14
175,325,2514,shared_address,8,2026-06-21
176,2514,325,shared_address,8,2026-06-21
177,81,889,shared_email_domain,20,2026-05-01
178,889,81,shared_email_domain,20,2026-05-01
179,1309,1492,shared_phone,5,2026-04-19
180,1492,1309,shared_phone,5,2026-04-19
181,778,2517,shared_address,8,2025-03-28
182,2517,778,shared_address,8,2025-03-28
183,954,1938,shared_phone,5,2025-10-09
184,1938,954,shared_phone,5,2025-10-09
185,165,2562,shared_address,8,2025-08-27
186,2562,165,shared_address,8,2025-08-27
187,1843,1935,shared_address,8,2025-11-22
188,1935,1843,shared_address,8,2025-11-22
189,1513,1942,shared_address,8,2026-04-08
190,1942,1513,shared_address,8,2026-04-08
191,1104,2083,shared_address,8,2026-01-12
192,2083,1104,shared_address,8,2026-01-12
193,373,1042,shared_address,8,2026-02-08
194,1042,373,shared_address,8,2026-02-08
195,1611,2137,shared_phone,5,2026-03-04
196,2137,1611,shared_phone,5,2026-03-04
197,582,1016,shared_phone,5,2025-05-04
198,1016,582,shared_phone,5,2025-05-04
199,407,2719,shared_address,8,2025-12-17
200,2719,407,shared_address,8,2025-12-17
201,321,1326,shared_email_domain,20,2026-05-25
202,1326,321,shared_email_domain,20,2026-05-25
203,285,2889,shared_phone,5,2025-08-02
204,2889,285,shared_phone,5,2025-08-02
205,1041,1921,shared_address,8,2026-04-11
206,1921,1041,shared_address,8,2026-04-11
207,535,652,shared_phone,5,2025-05-15
208,652,535,shared_phone,5,2025-05-15
209,832,2486,shared_email_domain,20,2025-07-17
210,2486,832,shared_email_domain,20,2025-07-17
211,1826,1888,shared_phone,5,2025-05-23
212,1888,1826,shared_phone,5,2025-05-23
213,1667,2933,shared_address,8,2025-05-29
214,2933,1667,shared_address,8,2025-05-29
215,904,1319,shared_phone,5,2025-11-28
216,1319,904,shared_phone,5,2025-11-28
217,266,947,shared_phone,5,2025-12-28
218,947,266,shared_phone,5,2025-12-28
219,464,620,shared_phone,5,2025-08-06
220,620,464,shared_phone,5,2025-08-06
221,657,1557,shared_phone,5,2025-08-24
222,1557,657,shared_phone,5,2025-08-24
223,1071,2339,shared_email_domain,20,2026-04-03
224,2339,1071,shared_email_domain,20,2026-04-03
225,2338,2751,shared_phone,5,2025-11-30
226,2751,2338,shared_phone,5,2025-11-30
227,2653,2958,shared_address,8,2025-12-10
228,2958,2653,shared_address,8,2025-12-10
229,2018,2652,shared_address,8,2025-03-16
230,2652,2018,shared_address,8,2025-03-16
231,390,703,shared_phone,5,2025-08-28
232,703,390,shared_phone,5,2025-08-28
233,1687,2376,shared_address,8,2025-07-20
234,2376,1687,shared_address,8,2025-07-20
235,30,2839,shared_phone,5,2025-06-28
236,2839,30,shared_phone,5,2025-06-28
237,892,2175,shared_address,8,2026-02-28
238,2175,892,shared_address,8,2026-02-28
239,1376,1824,shared_email_domain,20,2026-01-09
240,1824,1376,shared_email_domain,20,2026-01-09
241,654,860,shared_address,8,2025-09-11
242,860,654,shared_address,8,2025-09-11
243,1153,2952,shared_email_domain,20,2026-03-04
244,2952,1153,shared_email_domain,20,2026-03-04
245,1838,2184,shared_phone,5,2026-04-24
246,2184,1838,shared_phone,5,2026-04-24
247,903,1844,shared_email_domain,20,2025-08-25
248,1844,903,shared_email_domain,20,2025-08-25
249,167,2124,shared_phone,5,2026-01-19
250,2124,167,shared_phone,5,2026-01-19
251,150,1751,shared_phone,5,2026-03-25
252,1751,150,shared_phone,5,2026-03-25
253,2042,2579,shared_email_domain,20,2025-05-21
254,2579,2042,shared_email_domain,20,2025-05-21
255,2096,2970,shared_address,8,2026-05-18
256,2970,2096,shared_address,8,2026-05-18
257,386,422,shared_email_domain,20,2026-04-15
258,422,386,shared_email_domain,20,2026-04-15
259,1620,2291,shared_email_domain,20,2025-07-16
260,2291,1620,shared_email_domain,20,2025-07-16
261,1379,2433,shared_address,8,2025-09-05
262,2433,1379,shared_address,8,2025-09-05
263,860,1424,shared_phone,5,2026-05-07
264,1424,860,shared_phone,5,2026-05-07
265,455,879,shared_phone,5,2025-12-04
266,879,455,shared_phone,5,2025-12-04
267,1143,1444,shared_address,8,2026-04-21
268,1444,1143,shared_address,8,2026-04-21
269,973,1251,shared_email_domain,20,2025-05-31
270,1251,973,shared_email_domain,20,2025-05-31
271,58,238,shared_email_domain,20,2026-02-10
272,238,58,shared_email_domain,20,2026-02-10
273,1298,2696,shared_phone,5,2025-08-04
274,2696,1298,shared_phone,5,2025-08-04
275,1735,2344,shared_address,8,2025-09-01
276,2344,1735,shared_address,8,2025-09-01
277,787,2323,shared_phone,5,2025-06-11
278,2323,787,shared_phone,5,2025-06-11
279,611,2518,shared_address,8,2025-11-17
280,2518,611,shared_address,8,2025-11-17
281,1907,2413,shared_email_domain,20,2026-01-22
282,2413,1907,shared_email_domain,20,2026-01-22
283,40,2439,shared_address,8,2025-06-29
284,2439,40,shared_address,8,2025-06-29
285,387,2692,shared_phone,5,2025-03-25
286,2692,387,shared_phone,5,2025-03-25
287,44,998,shared_email_domain,20,2026-01-19
288,998,44,shared_email_domain,20,2026-01-19
289,65,2299,shared_address,8,2026-04-10
290,2299,65,shared_address,8,2026-04-10
291,1566,1883,shared_address,8,2025-08-27
292,1883,1566,shared_address,8,2025-08-27
293,86,2813,shared_address,8,2025-05-13
294,2813,86,shared_address,8,2025-05-13
295,370,2880,shared_address,8,2026-05-24
296,2880,370,shared_address,8,2026-05-24
297,1735,2946,shared_phone,5,2026-01-17
298,2946,1735,shared_phone,5,2026-01-17
299,723,2009,shared_address,8,2026-05-05
300,2009,723,shared_address,8,2026-05-05
301,732,1004,shared_address,8,2026-01-21
302,1004,732,shared_address,8,2026-01-21
303,260,1449,shared_phone,5,2026-05-12
304,1449,260,shared_phone,5,2026-05-12
305,1310,2295,shared_email_domain,20,2026-05-28
306,2295,1310,shared_email_domain,20,2026-05-28
307,112,599,shared_address,8,2026-05-29
308,599,112,shared_address,8,2026-05-29
309,2383,2680,shared_address,8,2025-10-15
310,2680,2383,shared_address,8,2025-10-15
311,674,2520,shared_address,8,2025-04-07
312,2520,674,shared_address,8,2025-04-07
313,1012,1482,shared_address,8,2026-03-23
314,1482,1012,shared_address,8,2026-03-23
315,702,1377,shared_address,8,2025-09-11
316,1377,702,shared_address,8,2025-09-11
317,582,1613,shared_email_domain,20,2026-02-14
318,1613,582,shared_email_domain,20,2026-02-14
319,150,2174,shared_email_domain,20,2025-08-04
320,2174,150,shared_email_domain,20,2025-08-04
321,47,631,shared_address,8,2025-09-12
322,631,47,shared_address,8,2025-09-12
323,943,981,shared_phone,5,2026-06-21
324,981,943,shared_phone,5,2026-06-21
325,1047,2752,shared_email_domain,20,2026-06-02
326,2752,1047,shared_email_domain,20,2026-06-02
327,956,2758,shared_phone,5,2025-04-06
328,2758,956,shared_phone,5,2025-04-06
329,2028,2306,shared_phone,5,2025-06-12
330,2306,2028,shared_phone,5,2025-06-12
331,134,2351,shared_email_domain,20,2025-06-18
332,2351,134,shared_email_domain,20,2025-06-18
333,1750,1810,shared_email_domain,20,2025-10-27
334,1810,1750,shared_email_domain,20,2025-10-27
335,816,965,shared_email_domain,20,2025-11-07
336,965,816,shared_email_domain,20,2025-11-07
337,116,1824,shared_email_domain,20,2025-10-10
338,1824,116,shared_email_domain,20,2025-10-10
339,856,2492,shared_email_domain,20,2026-06-21
340,2492,856,shared_email_domain,20,2026-06-21
341,393,2347,shared_phone,5,2026-06-16
342,2347,393,shared_phone,5,2026-06-16
343,1233,2417,shared_email_domain,20,2026-02-11
344,2417,1233,shared_email_domain,20,2026-02-11
345,1146,2329,shared_email_domain,20,2025-08-03
346,2329,1146,shared_email_domain,20,2025-08-03
347,212,1337,shared_email_domain,20,2025-06-30
348,1337,212,shared_email_domain,20,2025-06-30
349,2487,2542,shared_email_domain,20,2025-07-31
350,2542,2487,shared_email_domain,20,2025-07-31
351,789,2593,shared_phone,5,2025-04-06
352,2593,789,shared_phone,5,2025-04-06
353,1377,2207,shared_phone,5,2025-12-27
354,2207,1377,shared_phone,5,2025-12-27
355,265,1459,shared_phone,5,2025-05-04
356,1459,265,shared_phone,5,2025-05-04
357,2249,2844,shared_email_domain,20,2025-11-23
358,2844,2249,shared_email_domain,20,2025-11-23
359,823,882,shared_email_domain,20,2025-09-29
360,882,823,shared_email_domain,20,2025-09-29
361,1099,2127,shared_email_domain,20,2026-05-21
362,2127,1099,shared_email_domain,20,2026-05-21
363,411,2087,shared_address,8,2026-06-20
364,2087,411,shared_address,8,2026-06-20
365,2109,2553,shared_email_domain,20,2026-01-31
366,2553,2109,shared_email_domain,20,2026-01-31
367,1340,2466,shared_phone,5,2026-01-20
368,2466,1340,shared_phone,5,2026-01-20
369,134,593,shared_address,8,2025-06-04
370,593,134,shared_address,8,2025-06-04
371,722,1705,shared_phone,5,2025-11-23
372,1705,722,shared_phone,5,2025-11-23
373,887,2196,shared_address,8,2025-09-23
374,2196,887,shared_address,8,2025-09-23
375,741,2916,shared_phone,5,2026-04-17
376,2916,741,shared_phone,5,2026-04-17
377,491,960,shared_address,8,2025-06-18
378,960,491,shared_address,8,2025-06-18
379,108,1581,shared_address,8,2025-04-23
380,1581,108,shared_address,8,2025-04-23
381,117,1640,shared_address,8,2025-12-02
382,1640,117,shared_address,8,2025-12-02
383,2138,2662,shared_email_domain,20,2025-03-10
384,2662,2138,shared_email_domain,20,2025-03-10
385,1352,1731,shared_email_domain,20,2025-06-26
386,1731,1352,shared_email_domain,20,2025-06-26
387,1561,2082,shared_phone,5,2026-01-23
388,2082,1561,shared_phone,5,2026-01-23
389,1912,2926,shared_email_domain,20,2025-04-13
390,2926,1912,shared_email_domain,20,2025-04-13
391,1186,1623,shared_phone,5,2025-07-20
392,1623,1186,shared_phone,5,2025-07-20
393,615,1191,shared_email_domain,20,2025-04-28
394,1191,615,shared_email_domain,20,2025-04-28
395,807,809,shared_phone,5,2025-05-07
396,809,807,shared_phone,5,2025-05-07
397,1397,1615,shared_phone,5,2025-06-23
398,1615,1397,shared_phone,5,2025-06-23
399,957,974,shared_address,8,2025-05-16
400,974,957,shared_address,8,2025-05-16
401,1441,2151,shared_address,8,2025-08-12
402,2151,1441,shared_address,8,2025-08-12
403,1349,1802,shared_phone,5,2025-04-24
404,1802,1349,shared_phone,5,2025-04-24
405,434,2387,shared_phone,5,2026-04-04
406,2387,434,shared_phone,5,2026-04-04
407,2030,2044,shared_phone,5,2025-08-03
408,2044,2030,shared_phone,5,2025-08-03
409,171,1885,shared_address,8,2026-04-18
410,1885,171,shared_address,8,2026-04-18
411,620,2958,shared_phone,5,2025-06-07
412,2958,620,shared_phone,5,2025-06-07
413,2085,2097,shared_phone,5,2025-10-07
414,2097,2085,shared_phone,5,2025-10-07
415,891,2380,shared_email_domain,20,2025-12-06
416,2380,891,shared_email_domain,20,2025-12-06
417,2124,2878,shared_email_domain,20,2025-04-06
418,2878,2124,shared_email_domain,20,2025-04-06
419,650,738,shared_address,8,2025-07-27
420,738,650,shared_address,8,2025-07-27
421,300,2717,shared_email_domain,20,2025-10-22
422,2717,300,shared_email_domain,20,2025-10-22
423,2151,2759,shared_phone,5,2025-10-09
424,2759,2151,shared_phone,5,2025-10-09
425,166,2218,shared_address,8,2026-03-30
426,2218,166,shared_address,8,2026-03-30
427,1004,1788,shared_address,8,2026-06-08
428,1788,1004,shared_address,8,2026-06-08
429,60,2694,shared_phone,5,2025-04-19
430,2694,60,shared_phone,5,2025-04-19
431,569,1270,shared_email_domain,20,2025-11-06
432,1270,569,shared_email_domain,20,2025-11-06
433,1570,2480,shared_email_domain,20,2025-05-14
434,2480,1570,shared_email_domain,20,2025-05-14
435,632,1182,shared_email_domain,20,2025-08-31
436,1182,632,shared_email_domain,20,2025-08-31
437,1745,2193,shared_email_domain,20,2026-02-08
438,2193,1745,shared_email_domain,20,2026-02-08
439,1375,2837,shared_address,8,2025-08-31
440,2837,1375,shared_address,8,2025-08-31
441,413,1083,shared_phone,5,2025-05-31
442,1083,413,shared_phone,5,2025-05-31
443,533,2611,shared_email_domain,20,2025-03-03
444,2611,533,shared_email_domain,20,2025-03-03
445,1901,2214,shared_phone,5,2025-03-21
446,2214,1901,shared_phone,5,2025-03-21
447,90,990,shared_phone,5,2026-01-20
448,990,90,shared_phone,5,2026-01-20
449,1530,2393,shared_email_domain,20,2025-05-10
450,2393,1530,shared_email_domain,20,2025-05-10
451,271,2082,shared_phone,5,2025-11-08
452,2082,271,shared_phone,5,2025-11-08
453,1112,1650,shared_phone,5,2025-11-03
454,1650,1112,shared_phone,5,2025-11-03
455,1231,2039,shared_email_domain,20,2025-09-30
456,2039,1231,shared_email_domain,20,2025-09-30
457,1320,1522,shared_phone,5,2025-06-06
458,1522,1320,shared_phone,5,2025-06-06
459,527,1384,shared_address,8,2025-11-12
460,1384,527,shared_address,8,2025-11-12
461,2390,2667,shared_address,8,2025-04-01
462,2667,2390,shared_address,8,2025-04-01
463,396,2461,shared_email_domain,20,2025-11-28
464,2461,396,shared_email_domain,20,2025-11-28
465,145,2545,shared_phone,5,2025-09-03
466,2545,145,shared_phone,5,2025-09-03
467,1633,2653,shared_address,8,2025-07-05
468,2653,1633,shared_address,8,2025-07-05
469,1198,2943,shared_phone,5,2026-04-26
470,2943,1198,shared_phone,5,2026-04-26
471,799,2634,shared_phone,5,2025-05-27
472,2634,799,shared_phone,5,2025-05-27
473,620,1286,shared_address,8,2025-09-22
474,1286,620,shared_address,8,2025-09-22
475,209,756,shared_address,8,2025-12-25
476,756,209,shared_address,8,2025-12-25
477,1179,2847,shared_phone,5,2025-11-22
478,2847,1179,shared_phone,5,2025-11-22
479,274,1949,shared_email_domain,20,2025-10-23
480,1949,274,shared_email_domain,20,2025-10-23
481,26,2174,shared_email_domain,20,2026-04-16
482,2174,26,shared_email_domain,20,2026-04-16
483,248,1378,shared_email_domain,20,2026-06-05
484,1378,248,shared_email_domain,20,2026-06-05
485,1376,1998,shared_phone,5,2026-03-09
486,1998,1376,shared_phone,5,2026-03-09
487,723,2883,shared_address,8,2026-04-11
488,2883,723,shared_address,8,2026-04-11
489,909,2558,shared_phone,5,2025-07-18
490,2558,909,shared_phone,5,2025-07-18
491,732,2132,shared_email_domain,20,2026-01-21
492,2132,732,shared_email_domain,20,2026-01-21
493,1609,2742,shared_address,8,2026-02-26
494,2742,1609,shared_address,8,2026-02-26
495,1053,2360,shared_phone,5,2025-03-28
496,2360,1053,shared_phone,5,2025-03-28
497,979,1283,shared_address,8,2026-02-06
498,1283,979,shared_address,8,2026-02-06
499,413,2653,shared_address,8,2025-09-27
500,2653,413,shared_address,8,2025-09-27
501,321,1978,shared_email_domain,20,2025-06-19
502,1978,321,shared_email_domain,20,2025-06-19
503,2291,2557,shared_phone,5,2025-03-25
504,2557,2291,shared_phone,5,2025-03-25
505,261,695,shared_email_domain,20,2026-01-12
506,695,261,shared_email_domain,20,2026-01-12
507,24,2703,shared_address,8,2025-10-19
508,2703,24,shared_address,8,2025-10-19
509,1164,1794,shared_phone,5,2025-11-15
510,1794,1164,shared_phone,5,2025-11-15
511,640,733,shared_phone,5,2026-05-15
512,733,640,shared_phone,5,2026-05-15
513,312,1928,shared_email_domain,20,2025-06-15
514,1928,312,shared_email_domain,20,2025-06-15
515,1473,1687,shared_phone,5,2026-01-11
516,1687,1473,shared_phone,5,2026-01-11
517,1016,1989,shared_phone,5,2026-02-07
518,1989,1016,shared_phone,5,2026-02-07
519,228,2990,shared_email_domain,20,2025-10-14
520,2990,228,shared_email_domain,20,2025-10-14
521,1230,2450,shared_address,8,2025-10-22
522,2450,1230,shared_address,8,2025-10-22
523,358,1655,shared_phone,5,2026-02-12
524,1655,358,shared_phone,5,2026-02-12
525,1735,1849,shared_address,8,2025-03-28
526,1849,1735,shared_address,8,2025-03-28
527,1435,2320,shared_phone,5,2025-09-10
528,2320,1435,shared_phone,5,2025-09-10
529,1396,2779,shared_email_domain,20,2025-08-14
530,2779,1396,shared_email_domain,20,2025-08-14
531,1865,2650,shared_address,8,2026-04-22
532,2650,1865,shared_address,8,2026-04-22
533,776,2063,shared_email_domain,20,2025-11-11
534,2063,776,shared_email_domain,20,2025-11-11
535,244,1678,shared_address,8,2025-05-25
536,1678,244,shared_address,8,2025-05-25
537,807,2339,shared_phone,5,2026-01-19
538,2339,807,shared_phone,5,2026-01-19
539,673,2230,shared_address,8,2026-05-30
540,2230,673,shared_address,8,2026-05-30
541,981,2075,shared_email_domain,20,2025-04-11
542,2075,981,shared_email_domain,20,2025-04-11
543,1454,2389,shared_phone,5,2025-05-03
544,2389,1454,shared_phone,5,2025-05-03
545,576,993,shared_address,8,2025-08-18
546,993,576,shared_address,8,2025-08-18
547,281,1772,shared_phone,5,2025-10-02
548,1772,281,shared_phone,5,2025-10-02
549,491,1512,shared_email_domain,20,2026-06-03
550,1512,491,shared_email_domain,20,2026-06-03
551,306,600,shared_phone,5,2026-02-16
552,600,306,shared_phone,5,2026-02-16
553,248,1463,shared_phone,5,2025-05-22
554,1463,248,shared_phone,5,2025-05-22
555,955,2602,shared_phone,5,2026-01-21
556,2602,955,shared_phone,5,2026-01-21
557,491,726,shared_email_domain,20,2026-01-21
558,726,491,shared_email_domain,20,2026-01-21
559,2007,2744,shared_address,8,2025-08-20
560,2744,2007,shared_address,8,2025-08-20
561,961,1791,shared_address,8,2026-04-10
562,1791,961,shared_address,8,2026-04-10
563,1994,2843,shared_email_domain,20,2026-05-10
564,2843,1994,shared_email_domain,20,2026-05-10
565,585,789,shared_email_domain,20,2025-11-29
566,789,585,shared_email_domain,20,2025-11-29
567,2296,2788,shared_address,8,2026-01-13
568,2788,2296,shared_address,8,2026-01-13
569,1643,2043,shared_email_domain,20,2025-04-28
570,2043,1643,shared_email_domain,20,2025-04-28
571,245,2600,shared_address,8,2026-03-13
572,2600,245,shared_address,8,2026-03-13
573,25,2545,shared_email_domain,20,2025-10-19
574,2545,25,shared_email_domain,20,2025-10-19
575,1109,2020,shared_email_domain,20,2025-05-14
576,2020,1109,shared_email_domain,20,2025-05-14
577,41,1548,shared_phone,5,2025-08-20
578,1548,41,shared_phone,5,2025-08-20
579,920,2921,shared_email_domain,20,2025-03-10
580,2921,920,shared_email_domain,20,2025-03-10
581,34,294,shared_address,8,2026-06-09
582,294,34,shared_address,8,2026-06-09
583,488,1431,shared_address,8,2026-04-22
584,1431,488,shared_address,8,2026-04-22
585,875,945,shared_email_domain,20,2025-03-09
586,945,875,shared_email_domain,20,2025-03-09
587,2118,2398,shared_phone,5,2025-11-06
588,2398,2118,shared_phone,5,2025-11-06
589,1108,2790,shared_email_domain,20,2025-11-19
590,2790,1108,shared_email_domain,20,2025-11-19
591,607,2172,shared_email_domain,20,2025-03-23
592,2172,607,shared_email_domain,20,2025-03-23
593,1091,1164,shared_email_domain,20,2025-10-04
594,1164,1091,shared_email_domain,20,2025-10-04
595,597,2069,shared_email_domain,20,2026-04-12
596,2069,597,shared_email_domain,20,2026-04-12
597,332,1010,shared_address,8,2026-01-17
598,1010,332,shared_address,8,2026-01-17
599,1885,2433,shared_email_domain,20,2025-08-13
600,2433,1885,shared_email_domain,20,2025-08-13
601,484,1700,shared_phone,5,2025-06-15
602,1700,484,shared_phone,5,2025-06-15
603,1302,1567,shared_address,8,2026-04-20
604,1567,1302,shared_address,8,2026-04-20
605,978,1647,shared_phone,5,2025-10-22
606,1647,978,shared_phone,5,2025-10-22
607,539,1354,shared_address,8,2025-03-25
608,1354,539,shared_address,8,2025-03-25
609,1744,2637,shared_phone,5,2025-11-11
610,2637,1744,shared_phone,5,2025-11-11
611,857,2713,shared_address,8,2026-02-14
612,2713,857,shared_address,8,2026-02-14
613,247,636,shared_address,8,2025-08-27
614,636,247,shared_address,8,2025-08-27
615,612,2059,shared_address,8,2026-03-07
616,2059,612,shared_address,8,2026-03-07
617,17,297,shared_phone,5,2025-06-09
618,297,17,shared_phone,5,2025-06-09
619,1061,1295,shared_phone,5,2026-03-05
620,1295,1061,shared_phone,5,2026-03-05
621,2036,2181,shared_phone,5,2025-05-15
622,2181,2036,shared_phone,5,2025-05-15
623,269,2498,shared_email_domain,20,2026-06-08
624,2498,269,shared_email_domain,20,2026-06-08
625,2039,2423,shared_phone,5,2026-01-11
626,2423,2039,shared_phone,5,2026-01-11
627,186,536,shared_email_domain,20,2025-03-30
628,536,186,shared_email_domain,20,2025-03-30
629,549,2387,shared_address,8,2026-01-07
630,2387,549,shared_address,8,2026-01-07
631,2448,2862,shared_address,8,2025-08-08
632,2862,2448,shared_address,8,2025-08-08
633,32,1007,shared_phone,5,2025-05-19
634,1007,32,shared_phone,5,2025-05-19
635,1656,2122,shared_phone,5,2025-12-02
636,2122,1656,shared_phone,5,2025-12-02
637,1409,1668,shared_address,8,2026-03-11
638,1668,1409,shared_address,8,2026-03-11
639,1608,2955,shared_email_domain,20,2025-08-20
640,2955,1608,shared_email_domain,20,2025-08-20
641,122,365,shared_address,8,2026-03-06
642,365,122,shared_address,8,2026-03-06
643,365,1336,shared_address,8,2025-06-19
644,1336,365,shared_address,8,2025-06-19
645,336,1100,shared_address,8,2025-04-10
646,1100,336,shared_address,8,2025-04-10
647,592,1244,shared_address,8,2026-02-12
648,1244,592,shared_address,8,2026-02-12
649,947,2578,shared_address,8,2025-04-16
650,2578,947,shared_address,8,2025-04-16
651,1269,2080,shared_phone,5,2026-01-07
652,2080,1269,shared_phone,5,2026-01-07
653,974,2054,shared_phone,5,2026-05-24
654,2054,974,shared_phone,5,2026-05-24
655,1835,2198,shared_phone,5,2025-04-16
656,2198,1835,shared_phone,5,2025-04-16
657,183,874,shared_address,8,2026-01-13
658,874,183,shared_address,8,2026-01-13
659,2070,2689,shared_phone,5,2025-08-12
660,2689,2070,shared_phone,5,2025-08-12
661,1157,2811,shared_email_domain,20,2026-03-13
662,2811,1157,shared_email_domain,20,2026-03-13
663,1211,2964,shared_phone,5,2025-12-06
664,2964,1211,shared_phone,5,2025-12-06
665,555,1131,shared_email_domain,20,2026-05-05
666,1131,555,shared_email_domain,20,2026-05-05
667,1732,1842,shared_address,8,2026-04-11
668,1842,1732,shared_address,8,2026-04-11
669,792,2432,shared_address,8,2026-04-17
670,2432,792,shared_address,8,2026-04-17
671,217,1039,shared_phone,5,2026-01-14
672,1039,217,shared_phone,5,2026-01-14
673,95,2678,shared_address,8,2026-02-22
674,2678,95,shared_address,8,2026-02-22
675,1489,2928,shared_address,8,2026-03-27
676,2928,1489,shared_address,8,2026-03-27
677,307,2039,shared_address,8,2025-11-22
678,2039,307,shared_address,8,2025-11-22
679,829,2678,shared_email_domain,20,2025-11-26
680,2678,829,shared_email_domain,20,2025-11-26
681,1081,2799,shared_email_domain,20,2025-03-25
682,2799,1081,shared_email_domain,20,2025-03-25
683,733,2046,shared_email_domain,20,2025-11-14
684,2046,733,shared_email_domain,20,2025-11-14
685,2217,2409,shared_email_domain,20,2025-06-01
686,2409,2217,shared_email_domain,20,2025-06-01
687,240,447,shared_phone,5,2025-12-07
688,447,240,shared_phone,5,2025-12-07
689,706,1411,shared_email_domain,20,2025-03-02
690,1411,706,shared_email_domain,20,2025-03-02
691,553,2627,shared_address,8,2025-03-16
692,2627,553,shared_address,8,2025-03-16
693,699,1938,shared_address,8,2025-05-30
694,1938,699,shared_address,8,2025-05-30
695,1149,1584,shared_email_domain,20,2026-04-14
696,1584,1149,shared_email_domain,20,2026-04-14
697,2379,2862,shared_address,8,2026-06-12
698,2862,2379,shared_address,8,2026-06-12
699,2198,2244,shared_phone,5,2026-03-19
700,2244,2198,shared_phone,5,2026-03-19
701,1648,2575,shared_address,8,2026-04-08
702,2575,1648,shared_address,8,2026-04-08
703,1269,2297,shared_email_domain,20,2025-09-26
704,2297,1269,shared_email_domain,20,2025-09-26
705,525,2342,shared_phone,5,2026-03-30
706,2342,525,shared_phone,5,2026-03-30
707,488,2489,shared_phone,5,2025-10-26
708,2489,488,shared_phone,5,2025-10-26
709,1977,2516,shared_email_domain,20,2026-04-10
710,2516,1977,shared_email_domain,20,2026-04-10
711,449,762,shared_address,8,2025-08-13
712,762,449,shared_address,8,2025-08-13
713,1327,2543,shared_phone,5,2025-08-22
714,2543,1327,shared_phone,5,2025-08-22
715,274,1857,shared_phone,5,2025-06-13
716,1857,274,shared_phone,5,2025-06-13
717,835,1125,shared_phone,5,2025-04-25
718,1125,835,shared_phone,5,2025-04-25
719,1299,2982,shared_phone,5,2026-04-09
720,2982,1299,shared_phone,5,2026-04-09
721,613,2074,shared_email_domain,20,2025-04-25
722,2074,613,shared_email_domain,20,2025-04-25
723,393,1687,shared_email_domain,20,2026-04-16
724,1687,393,shared_email_domain,20,2026-04-16
725,84,1687,shared_address,8,2025-06-27
726,1687,84,shared_address,8,2025-06-27
727,153,1107,shared_email_domain,20,2026-05-07
728,1107,153,shared_email_domain,20,2026-05-07
729,1864,2656,shared_email_domain,20,2025-08-05
730,2656,1864,shared_email_domain,20,2025-08-05
731,893,2104,shared_phone,5,2025-03-29
732,2104,893,shared_phone,5,2025-03-29
733,591,1257,shared_phone,5,2025-05-16
734,1257,591,shared_phone,5,2025-05-16
735,262,2603,shared_address,8,2025-07-02
736,2603,262,shared_address,8,2025-07-02
737,1197,2358,shared_phone,5,2025-09-10
738,2358,1197,shared_phone,5,2025-09-10
739,815,1453,shared_phone,5,2026-03-01
740,1453,815,shared_phone,5,2026-03-01
741,775,1461,shared_email_domain,20,2025-07-31
742,1461,775,shared_email_domain,20,2025-07-31
743,2653,2895,shared_phone,5,2025-03-01
744,2895,2653,shared_phone,5,2025-03-01
745,1430,1765,shared_phone,5,2025-03-11
746,1765,1430,shared_phone,5,2025-03-11
747,193,2296,shared_phone,5,2025-04-01
748,2296,193,shared_phone,5,2025-04-01
749,1064,2707,shared_email_domain,20,2026-05-23
750,2707,1064,shared_email_domain,20,2026-05-23
751,1099,2073,shared_phone,5,2026-03-25
752,2073,1099,shared_phone,5,2026-03-25
753,2551,2580,shared_email_domain,20,2025-06-29
754,2580,2551,shared_email_domain,20,2025-06-29
755,939,2028,shared_address,8,2026-06-17
756,2028,939,shared_address,8,2026-06-17
757,1638,2644,shared_address,8,2025-05-13
758,2644,1638,shared_address,8,2025-05-13
759,890,1375,shared_address,8,2025-06-05
760,1375,890,shared_address,8,2025-06-05
761,173,2913,shared_address,8,2025-03-03
762,2913,173,shared_address,8,2025-03-03
763,1102,1591,shared_address,8,2026-04-13
764,1591,1102,shared_address,8,2026-04-13
765,2467,2766,shared_address,8,2025-08-15
766,2766,2467,shared_address,8,2025-08-15
767,259,262,shared_address,8,2026-03-12
768,262,259,shared_address,8,2026-03-12
769,1078,2577,shared_address,8,2026-03-15
770,2577,1078,shared_address,8,2026-03-15
771,1651,2113,shared_phone,5,2025-09-15
772,2113,1651,shared_phone,5,2025-09-15
773,1657,2380,shared_address,8,2025-12-25
774,2380,1657,shared_address,8,2025-12-25
775,449,1661,shared_phone,5,2025-10-05
776,1661,449,shared_phone,5,2025-10-05
777,1673,2283,shared_email_domain,20,2025-06-11
778,2283,1673,shared_email_domain,20,2025-06-11
779,122,1935,shared_address,8,2025-03-13
780,1935,122,shared_address,8,2025-03-13
781,405,1154,shared_email_domain,20,2025-10-23
782,1154,405,shared_email_domain,20,2025-10-23
783,2335,2776,shared_address,8,2026-05-09
784,2776,2335,shared_address,8,2026-05-09
785,2524,2800,shared_phone,5,2025-08-06
786,2800,2524,shared_phone,5,2025-08-06
787,306,2096,shared_address,8,2026-01-01
788,2096,306,shared_address,8,2026-01-01
789,1332,2277,shared_email_domain,20,2025-10-29
790,2277,1332,shared_email_domain,20,2025-10-29
791,182,2967,shared_address,8,2025-03-17
792,2967,182,shared_address,8,2025-03-17
793,292,1899,shared_email_domain,20,2025-07-08
794,1899,292,shared_email_domain,20,2025-07-08
795,418,984,shared_phone,5,2026-06-10
796,984,418,shared_phone,5,2026-06-10
797,270,2910,shared_email_domain,20,2026-01-31
798,2910,270,shared_email_domain,20,2026-01-31
799,2057,2859,shared_address,8,2025-04-23
800,2859,2057,shared_address,8,2025-04-23
801,1558,1745,shared_email_domain,20,2025-05-04
802,1745,1558,shared_email_domain,20,2025-05-04
803,1965,2239,shared_address,8,2025-08-04
804,2239,1965,shared_address,8,2025-08-04
805,1440,2133,shared_phone,5,2026-02-28
806,2133,1440,shared_phone,5,2026-02-28
807,1351,1414,shared_email_domain,20,2025-09-11
808,1414,1351,shared_email_domain,20,2025-09-11
809,1801,2069,shared_address,8,2026-03-10
810,2069,1801,shared_address,8,2026-03-10
811,249,2720,shared_email_domain,20,2025-09-05
812,2720,249,shared_email_domain,20,2025-09-05
813,243,2908,shared_phone,5,2025-08-29
814,2908,243,shared_phone,5,2025-08-29
815,419,2481,shared_address,8,2026-05-19
816,2481,419,shared_address,8,2026-05-19
817,199,1460,shared_email_domain,20,2026-04-28
818,1460,199,shared_email_domain,20,2026-04-28
819,473,2353,shared_address,8,2025-12-07
820,2353,473,shared_address,8,2025-12-07
821,645,1213,shared_phone,5,2026-03-13
822,1213,645,shared_phone,5,2026-03-13
823,1370,2831,shared_address,8,2026-05-03
824,2831,1370,shared_address,8,2026-05-03
825,760,2948,shared_address,8,2025-07-10
826,2948,760,shared_address,8,2025-07-10
827,378,476,shared_email_domain,20,2026-01-16
828,476,378,shared_email_domain,20,2026-01-16
829,1039,2157,shared_phone,5,2026-01-12
830,2157,1039,shared_phone,5,2026-01-12
831,773,1965,shared_email_domain,20,2025-06-11
832,1965,773,shared_email_domain,20,2025-06-11
833,2625,2900,shared_phone,5,2025-12-19
834,2900,2625,shared_phone,5,2025-12-19
835,2011,2362,shared_address,8,2026-05-12
836,2362,2011,shared_address,8,2026-05-12
837,824,2984,shared_address,8,2026-05-22
838,2984,824,shared_address,8,2026-05-22
839,2896,2927,shared_email_domain,20,2025-04-25
840,2927,2896,shared_email_domain,20,2025-04-25
841,1842,1936,shared_address,8,2025-05-25
842,1936,1842,shared_address,8,2025-05-25
843,1833,2228,shared_phone,5,2025-04-16
844,2228,1833,shared_phone,5,2025-04-16
845,1122,1793,shared_phone,5,2025-08-07
846,1793,1122,shared_phone,5,2025-08-07
847,94,797,shared_email_domain,20,2025-08-26
848,797,94,shared_email_domain,20,2025-08-26
849,1114,1666,shared_email_domain,20,2025-09-19
850,1666,1114,shared_email_domain,20,2025-09-19
851,1359,1528,shared_phone,5,2025-08-29
852,1528,1359,shared_phone,5,2025-08-29
853,1203,1537,shared_address,8,2026-03-20
854,1537,1203,shared_address,8,2026-03-20
855,234,2671,shared_phone,5,2025-03-03
856,2671,234,shared_phone,5,2025-03-03
857,1510,2802,shared_address,8,2025-04-19
858,2802,1510,shared_address,8,2025-04-19
859,436,1692,shared_address,8,2026-03-28
860,1692,436,shared_address,8,2026-03-28
861,1075,2915,shared_address,8,2025-07-20
862,2915,1075,shared_address,8,2025-07-20
863,221,1962,shared_email_domain,20,2025-12-12
864,1962,221,shared_email_domain,20,2025-12-12
865,546,1140,shared_email_domain,20,2025-06-30
866,1140,546,shared_email_domain,20,2025-06-30
867,581,1952,shared_phone,5,2025-10-29
868,1952,581,shared_phone,5,2025-10-29
869,164,1472,shared_address,8,2025-11-14
870,1472,164,shared_address,8,2025-11-14
871,2518,2908,shared_address,8,2026-06-02
872,2908,2518,shared_address,8,2026-06-02
873,30,333,shared_email_domain,20,2025-10-15
874,333,30,shared_email_domain,20,2025-10-15
875,1265,1342,shared_email_domain,20,2025-06-23
876,1342,1265,shared_email_domain,20,2025-06-23
877,532,1452,shared_email_domain,20,2025-06-27
878,1452,532,shared_email_domain,20,2025-06-27
879,170,603,shared_email_domain,20,2025-05-19
880,603,170,shared_email_domain,20,2025-05-19
881,10,2199,shared_address,8,2025-07-02
882,2199,10,shared_address,8,2025-07-02
883,2656,2918,shared_phone,5,2025-03-16
884,2918,2656,shared_phone,5,2025-03-16
885,247,457,shared_phone,5,2026-05-18
886,457,247,shared_phone,5,2026-05-18
887,2200,2726,shared_phone,5,2026-04-21
888,2726,2200,shared_phone,5,2026-04-21
889,1462,2592,shared_address,8,2025-08-19
890,2592,1462,shared_address,8,2025-08-19
891,2276,2569,shared_phone,5,2026-06-09
892,2569,2276,shared_phone,5,2026-06-09
893,132,180,shared_phone,5,2025-09-24
894,180,132,shared_phone,5,2025-09-24
895,1042,2863,shared_email_domain,20,2025-09-20
896,2863,1042,shared_email_domain,20,2025-09-20
897,435,679,shared_email_domain,20,2026-05-05
898,679,435,shared_email_domain,20,2026-05-05
899,1561,1959,shared_phone,5,2026-04-12
900,1959,1561,shared_phone,5,2026-04-12
901,1595,2107,shared_address,8,2025-09-09
902,2107,1595,shared_address,8,2025-09-09
903,496,1888,shared_address,8,2025-06-24
904,1888,496,shared_address,8,2025-06-24
905,1509,2422,shared_address,8,2025-07-16
906,2422,1509,shared_address,8,2025-07-16
907,225,2904,shared_email_domain,20,2025-07-07
908,2904,225,shared_email_domain,20,2025-07-07
909,101,2759,shared_address,8,2025-06-17
910,2759,101,shared_address,8,2025-06-17
911,374,826,shared_address,8,2025-05-15
912,826,374,shared_address,8,2025-05-15
913,1424,1490,shared_phone,5,2025-08-24
914,1490,1424,shared_phone,5,2025-08-24
915,110,377,shared_address,8,2025-04-18
916,377,110,shared_address,8,2025-04-18
917,199,2201,shared_phone,5,2025-07-06
918,2201,199,shared_phone,5,2025-07-06
919,182,989,shared_phone,5,2026-04-01
920,989,182,shared_phone,5,2026-04-01
921,700,1400,shared_device,1,2026-01-10
922,1400,700,shared_device,1,2026-01-10
923,1400,2100,shared_card,2,2026-01-12
924,2100,1400,shared_card,2,2026-01-12
925,2100,2800,shared_device,1,2026-02-01
926,2800,2100,shared_device,1,2026-02-01
927,700,2800,shared_email_domain,20,2026-02-03
928,2800,700,shared_email_domain,20,2026-02-03
